gender,race/ethnicity,Students Level of eductaion,test preparation course,hour,AVG
female,group B,3,0,7.0772825138266136,72.66666667
female,group C,2,1,8.019592030035597,82.33333333
female,group B,4,0,9.026888410775964,92.66666667
male,group A,3,0,4.802742300069169,49.33333333
male,group C,2,0,7.4347102609507925,76.33333333
female,group B,3,0,7.53219055579826,77.33333333
female,group B,2,1,8.929408115928496,91.66666667
male,group B,2,0,3.957913078707652,40.66666667
male,group D,1,1,6.329933586337761,65.0
female,group B,1,0,4.802742300069169,49.33333333
male,group C,3,0,5.322637206572198,54.66666667
male,group D,3,0,4.380327689388411,45.0
female,group B,1,0,7.1097759451175015,73.0
male,group A,2,1,7.1422693764083895,73.33333333
female,group A,4,0,5.22515691172473,53.66666667
female,group C,1,0,7.207256239964969,74.0
male,group C,1,0,8.539486936538626,87.66666667
female,group B,1,0,2.528202087286527,26.0
male,group C,4,1,4.347834258097522,44.66666667
female,group C,3,0,5.6150780911146,57.66666667
male,group D,1,0,6.427413881185228,66.0
female,group B,2,1,6.817335060575099,70.0
male,group D,2,0,4.900222594916636,50.33333333
female,group C,1,0,6.979802218979145,71.66666667
male,group D,3,1,7.304736534812436,75.0
male,group A,4,0,7.1097759451175015,73.0
male,group B,2,0,5.777545248543844,59.33333333
female,group C,3,0,6.8498284918659875,70.33333333
male,group C,1,0,6.654867902171052,68.33333333
female,group D,4,0,6.719854765727631,69.0
female,group D,2,0,7.044789081560922,72.33333333
female,group B,2,0,6.134972996642826,63.0
female,group E,4,0,6.264946722781182,64.33333333
male,group D,2,0,3.892926215151073,40.0
male,group E,2,0,8.636967231386095,88.66666667
male,group E,3,1,7.824631440340663,80.33333333
female,group D,3,0,7.727151145493195,79.33333333
female,group D,1,0,5.6150780911146,57.66666667
female,group D,3,1,8.214552619730533,84.33333333
male,group B,3,0,5.5175977962671325,56.66666667
male,group C,3,0,5.5175977962671325,56.66666667
female,group C,3,0,6.459907312476117,66.33333333
female,group B,3,0,5.712558385962067,58.66666667
male,group B,2,1,6.167466427933714,63.33333333
female,group E,3,0,5.192663479459039,53.33333333
male,group B,3,0,5.712558385962067,58.66666667
female,group A,3,1,5.907518975657003,60.66666667
female,group C,1,0,6.914815355422567,71.0
female,group D,3,1,6.719854765727631,69.0
male,group C,1,1,8.052085462301289,82.66666667
male,group E,2,0,5.062689753320683,52.0
male,group E,3,1,6.947308786713455,71.33333333
male,group C,2,0,4.510301415526767,46.33333333
male,group D,1,0,7.824631440340663,80.33333333
female,group C,1,1,7.857124872606353,80.66666667
female,group C,1,0,3.7954459203036053,39.0
female,group E,3,1,8.214552619730533,84.33333333
male,group D,3,0,5.062689753320683,52.0
male,group D,2,1,5.680064953696377,58.33333333
female,group C,1,0,0.8710370748795793,9.0
male,group E,3,1,7.304736534812436,75.0
male,group A,1,0,3.6329787618995586,37.33333333
male,group A,3,0,5.777545248543844,59.33333333
female,group C,3,0,7.1422693764083895,73.33333333
female,group D,1,0,5.712558385962067,58.66666667
male,group B,1,0,6.232453291490294,64.0
male,group D,1,0,3.8604327838601846,39.66666667
female,group C,2,0,6.687361334436743,68.66666667
male,group B,3,0,5.680064953696377,58.33333333
female,group C,3,0,5.192663479459039,53.33333333
female,group D,2,1,6.297440155046873,64.66666667
male,group D,2,1,5.875025543391312,60.33333333
female,group A,3,0,4.542794847792457,46.66666667
male,group C,1,0,5.647571522405489,58.0
male,group C,1,0,4.510301415526767,46.33333333
male,group B,3,0,3.9904065099985404,41.0
male,group E,1,0,2.528202087286527,26.0
male,group A,3,1,7.759644577758886,79.66666667
female,group D,1,1,6.719854765727631,69.0
female,group E,4,0,6.427413881185228,66.0
female,group B,3,0,4.737755437487392,48.66666667
male,group B,1,0,4.510301415526767,46.33333333
male,group A,2,1,4.900222594916636,50.33333333
male,group E,3,0,6.459907312476117,66.33333333
male,group D,1,0,3.7304590567470264,38.33333333
female,group C,2,0,7.629670850645728,78.33333333
female,group C,2,0,8.019592030035597,82.33333333
female,group D,3,0,7.012295650270034,72.0
female,group A,2,0,6.329933586337761,65.0
female,group D,1,0,7.824631440340663,80.33333333
female,group C,3,0,6.8498284918659875,70.33333333
male,group C,1,0,3.145577287662221,32.33333333
male,group C,1,0,7.174762808674081,73.66666667
male,group C,3,1,4.477807984235878,46.0
female,group B,2,0,8.34452634684369,85.66666667
male,group C,3,1,7.824631440340663,80.33333333
male,group B,1,1,6.264946722781182,64.33333333
female,group E,2,1,6.654867902171052,68.33333333
female,group D,2,0,6.069986133086247,62.33333333
female,group D,3,0,6.297440155046873,64.66666667
male,group B,2,0,6.914815355422567,71.0
male,group D,3,1,7.012295650270034,72.0
female,group D,3,0,8.604473799120402,88.33333333
male,group B,1,1,4.900222594916636,50.33333333
male,group C,2,1,8.896914683662807,91.33333333
female,group C,2,0,6.39492044989434,65.66666667
female,group D,4,0,9.319329295318365,95.66666667
male,group E,3,1,6.264946722781182,64.33333333
female,group B,3,0,6.427413881185228,66.0
female,group B,1,0,6.687361334436743,68.66666667
female,group D,3,1,8.571980367829514,88.0
male,group C,1,0,5.387624069153974,55.33333333
male,group A,3,0,4.9977028897641045,51.33333333
female,group D,2,0,5.2901437743065065,54.33333333
female,group E,3,1,9.709250474708238,99.66666667
male,group C,1,0,7.629670850645728,78.33333333
female,group B,3,0,7.857124872606353,80.66666667
female,group D,3,0,7.759644577758886,79.66666667
female,group D,1,0,5.680064953696377,58.33333333
female,group C,2,0,6.134972996642826,63.0
female,group C,3,1,8.442006641691158,86.66666667
male,group B,3,1,8.831927821081027,90.66666667
female,group C,2,1,8.896914683662807,91.33333333
male,group D,1,0,5.712558385962067,58.66666667
male,group E,2,0,7.6621642829114185,78.66666667
female,group B,1,0,8.70195409396787,89.33333333
male,group B,1,0,6.719854765727631,69.0
male,group D,2,1,7.012295650270034,72.0
male,group D,4,0,7.727151145493195,79.33333333
female,group A,3,0,4.900222594916636,50.33333333
male,group D,4,0,8.279539483287113,85.0
male,group C,1,1,4.217860530984364,43.33333333
male,group E,2,1,7.499697124507372,77.0
female,group C,2,1,7.792138009049775,80.0
male,group D,3,1,7.4022168296599045,76.0
male,group C,3,0,5.22515691172473,53.66666667
male,group B,1,1,4.737755437487392,48.66666667
male,group E,1,0,5.875025543391312,60.33333333
female,group C,3,0,6.232453291490294,64.0
male,group D,2,1,6.524894176032697,67.0
female,group D,1,0,7.1097759451175015,73.0
female,group C,2,0,6.00499927050447,61.66666667
female,group E,2,1,4.900222594916636,50.33333333
male,group A,1,0,4.770248868778281,49.0
male,group D,2,0,7.759644577758886,79.66666667
female,group C,2,0,3.048096992814753,31.33333333
male,group B,1,0,8.019592030035597,82.33333333
male,group C,3,0,6.719854765727631,69.0
female,group D,3,1,7.272243103521548,74.66666667
male,group E,3,1,9.514289885013302,97.66666667
male,group A,1,1,6.427413881185228,66.0
male,group A,3,0,6.882321924131678,70.66666667
female,group B,3,1,6.329933586337761,65.0
male,group D,3,0,4.867729163625748,50.0
male,group D,1,0,6.167466427933714,63.33333333
female,group C,2,1,8.019592030035597,82.33333333
female,group E,1,1,7.0772825138266136,72.66666667
male,group B,2,0,5.8425321121004234,60.0
female,group B,3,1,7.597177419354839,78.0
male,group D,3,0,6.232453291490294,64.0
male,group B,3,1,7.597177419354839,78.0
female,group E,2,1,8.052085462301289,82.66666667
male,group B,4,0,4.9977028897641045,51.33333333
male,group C,1,0,4.9977028897641045,51.33333333
female,group E,4,0,8.571980367829514,88.0
female,group C,3,1,9.61177017986077,98.66666667
male,group C,1,1,5.030196322029795,51.66666667
female,group B,4,1,6.882321924131678,70.66666667
female,group B,1,1,7.4347102609507925,76.33333333
female,group C,2,1,6.882321924131678,70.66666667
male,group A,1,1,7.1097759451175015,73.0
male,group E,1,0,8.442006641691158,86.66666667
female,group D,2,0,7.987098598744709,82.0
female,group C,3,0,6.492400744741808,66.66666667
female,group C,3,1,4.802742300069169,49.33333333
female,group C,4,1,8.40951320942547,86.33333333
female,group B,1,1,5.127676616877262,52.66666667
female,group C,3,1,7.304736534812436,75.0
female,group B,4,1,5.97250583823878,61.33333333
female,group D,1,1,9.644263611151658,99.0
male,group C,4,1,6.654867902171052,68.33333333
female,group C,2,0,5.712558385962067,58.66666667
female,group E,1,0,4.770248868778281,49.0
female,group D,3,0,6.622374470880164,68.0
male,group C,1,1,4.737755437487392,48.66666667
male,group C,3,1,6.39492044989434,65.66666667
male,group E,1,0,7.174762808674081,73.66666667
male,group D,1,1,6.36242701762865,65.33333333
male,group B,1,0,4.705262005221702,48.33333333
female,group C,3,0,8.182059188439645,84.0
female,group E,3,0,6.492400744741808,66.66666667
male,group D,2,1,7.727151145493195,79.33333333
female,group B,1,0,6.232453291490294,64.0
male,group D,2,1,6.524894176032697,67.0
female,group C,4,1,7.727151145493195,79.33333333
male,group D,3,0,5.452610932710553,56.0
male,group C,1,1,6.264946722781182,64.33333333
male,group E,1,0,5.2576503430156185,54.0
female,group B,2,0,4.965209458473216,51.0
female,group B,3,0,7.564683988063951,77.66666667
female,group C,3,1,7.6946577142023065,79.0
female,group D,2,0,7.239749671255858,74.33333333
male,group C,3,0,6.979802218979145,71.66666667
female,group B,3,0,6.297440155046873,64.66666667
male,group C,2,0,4.607781710374234,47.33333333
male,group D,1,1,7.239749671255858,74.33333333
male,group E,3,0,6.687361334436743,68.66666667
male,group E,1,1,7.6946577142023065,79.0
female,group B,2,0,7.499697124507372,77.0
female,group B,2,0,6.00499927050447,61.66666667
male,group D,1,1,7.727151145493195,79.33333333
male,group C,2,0,2.9181232666763974,30.0
female,group C,1,0,5.322637206572198,54.66666667
male,group C,3,1,5.420117501419665,55.66666667
male,group E,1,1,8.40951320942547,86.33333333
male,group B,1,1,7.857124872606353,80.66666667
female,group E,3,1,8.34452634684369,85.66666667
female,group C,1,0,3.7304590567470264,38.33333333
male,group B,1,0,6.914815355422567,71.0
male,group B,1,1,5.6150780911146,57.66666667
female,group D,1,1,6.427413881185228,66.0
male,group B,3,0,7.9546051674538205,81.66666667
female,group C,1,0,5.907518975657003,60.66666667
male,group D,1,0,7.824631440340663,80.33333333
female,group B,3,1,6.199959860199406,63.66666667
female,group E,4,0,5.030196322029795,51.66666667
female,group C,2,0,6.979802218979145,71.66666667
male,group D,1,0,5.22515691172473,53.66666667
male,group A,1,0,6.622374470880164,68.0
female,group C,2,1,8.994394978510272,92.33333333
male,group D,2,0,6.687361334436743,68.66666667
male,group C,3,0,4.250353963250054,43.66666667
female,group B,3,0,7.6621642829114185,78.66666667
male,group E,1,0,8.34452634684369,85.66666667
male,group C,3,1,8.084578893592177,83.0
male,group D,3,0,7.53219055579826,77.33333333
male,group D,3,0,6.36242701762865,65.33333333
female,group D,1,1,6.427413881185228,66.0
male,group B,2,0,5.095183184611572,52.33333333
male,group C,3,0,7.92211173518813,81.33333333
male,group D,1,1,6.719854765727631,69.0
female,group E,3,0,7.987098598744709,82.0
female,group D,1,0,5.2901437743065065,54.33333333
male,group E,2,0,4.965209458473216,51.0
male,group D,1,0,7.0772825138266136,72.66666667
male,group C,3,0,7.53219055579826,77.33333333
male,group E,3,0,7.759644577758886,79.66666667
female,group B,1,1,6.36242701762865,65.33333333
female,group B,1,0,6.199959860199406,63.66666667
male,group C,1,0,5.875025543391312,60.33333333
male,group A,1,1,4.705262005221702,48.33333333
female,group D,2,0,7.6946577142023065,79.0
female,group B,1,1,6.492400744741808,66.66666667
male,group D,4,0,7.53219055579826,77.33333333
male,group D,1,0,5.127676616877262,52.66666667
female,group E,2,0,6.654867902171052,68.33333333
female,group C,3,0,6.654867902171052,68.33333333
male,group C,3,1,7.53219055579826,77.33333333
female,group B,2,0,7.239749671255858,74.33333333
female,group C,4,1,7.369723398369016,75.66666667
female,group C,1,1,7.1422693764083895,73.33333333
male,group C,2,1,7.6621642829114185,78.66666667
female,group C,1,0,4.705262005221702,48.33333333
female,group E,1,0,9.15686213691432,94.0
male,group D,1,0,7.044789081560922,72.33333333
male,group D,1,0,4.607781710374234,47.33333333
female,group C,3,0,7.1097759451175015,73.0
female,group D,1,0,7.0772825138266136,72.66666667
female,group D,3,1,8.929408115928496,91.66666667
female,group E,2,0,7.044789081560922,72.33333333
male,group C,3,0,6.264946722781182,64.33333333
male,group C,2,0,4.835235732334859,49.66666667
female,group D,3,0,5.127676616877262,52.66666667
female,group D,2,0,6.687361334436743,68.66666667
male,group B,2,1,8.084578893592177,83.0
male,group C,3,0,7.597177419354839,78.0
female,group C,1,1,8.76694095752445,90.0
female,group E,1,1,6.39492044989434,65.66666667
female,group C,1,0,7.499697124507372,77.0
male,group B,3,0,6.037492701795359,62.0
male,group D,1,0,4.770248868778281,49.0
male,group D,1,0,4.510301415526767,46.33333333
female,group D,3,0,7.6621642829114185,78.66666667
female,group D,2,1,7.337229966103325,75.33333333
female,group B,1,0,4.185367099693475,43.0
male,group B,3,1,7.9546051674538205,81.66666667
male,group E,3,1,8.669460662676983,89.0
female,group B,1,0,7.727151145493195,79.33333333
male,group B,3,0,7.759644577758886,79.66666667
male,group E,1,1,7.467203693216483,76.66666667
male,group C,3,0,6.947308786713455,71.33333333
male,group D,1,0,7.4347102609507925,76.33333333
male,group C,1,1,5.8425321121004234,60.0
female,group E,3,0,6.914815355422567,71.0
male,group D,1,1,7.629670850645728,78.33333333
male,group B,3,0,6.134972996642826,63.0
male,group A,1,1,4.217860530984364,43.33333333
male,group E,3,1,6.914815355422567,71.0
male,group C,1,1,4.412821120679299,45.33333333
male,group D,3,0,8.182059188439645,84.0
male,group A,2,1,7.792138009049775,80.0
male,group D,1,0,5.2576503430156185,54.0
female,group C,3,1,7.53219055579826,77.33333333
male,group B,3,0,7.1422693764083895,73.33333333
female,group C,3,1,7.53219055579826,77.33333333
male,group A,2,0,6.654867902171052,68.33333333
male,group E,2,1,8.669460662676983,89.0
male,group C,1,0,4.770248868778281,49.0
female,group B,3,0,6.199959860199406,63.66666667
female,group D,1,0,5.127676616877262,52.66666667
female,group B,3,0,7.4347102609507925,76.33333333
male,group B,3,0,5.940012406947891,61.0
male,group D,3,1,6.36242701762865,65.33333333
female,group C,3,1,6.622374470880164,68.0
female,group C,3,1,6.427413881185228,66.0
male,group C,1,0,6.557387607323585,67.33333333
female,group D,4,1,8.117072324883065,83.33333333
male,group C,3,0,7.564683988063951,77.66666667
male,group B,3,0,6.589881039589275,67.66666667
female,group D,3,0,5.97250583823878,61.33333333
female,group C,1,1,7.467203693216483,76.66666667
female,group E,1,0,7.792138009049775,80.0
female,group C,2,0,7.53219055579826,77.33333333
female,group C,1,0,4.835235732334859,49.66666667
female,group C,1,0,4.217860530984364,43.33333333
female,group C,2,0,8.636967231386095,88.66666667
male,group C,2,0,5.97250583823878,61.33333333
male,group A,2,0,2.2682546340350127,23.33333333
male,group C,3,1,7.597177419354839,78.0
female,group B,1,0,4.770248868778281,49.0
male,group C,1,0,6.232453291490294,64.0
male,group C,3,0,3.8604327838601846,39.66666667
male,group E,3,1,5.5500912275580205,57.0
male,group B,3,0,8.084578893592177,83.0
female,group C,3,0,8.799434388815339,90.33333333
female,group B,2,0,6.329933586337761,65.0
male,group D,1,1,6.979802218979145,71.66666667
male,group C,3,0,4.640275142639925,47.66666667
female,group B,1,0,2.8856298353855094,29.66666667
female,group D,1,1,4.867729163625748,50.0
male,group C,1,0,5.5500912275580205,57.0
female,group C,1,0,6.39492044989434,65.66666667
female,group B,1,1,7.1097759451175015,73.0
male,group D,3,1,6.687361334436743,68.66666667
male,group D,2,0,7.1097759451175015,73.0
female,group C,1,0,7.369723398369016,75.66666667
male,group B,2,0,5.8425321121004234,60.0
female,group C,3,1,8.636967231386095,88.66666667
male,group D,1,0,6.979802218979145,71.66666667
male,group E,3,0,7.6946577142023065,79.0
female,group B,3,0,6.037492701795359,62.0
male,group E,2,0,5.680064953696377,58.33333333
female,group C,2,1,7.174762808674081,73.66666667
female,group C,3,0,5.22515691172473,53.66666667
female,group C,2,0,6.492400744741808,66.66666667
female,group B,3,0,6.589881039589275,67.66666667
male,group A,3,0,6.00499927050447,61.66666667
female,group C,2,1,5.745051817252956,59.0
male,group D,2,0,5.907518975657003,60.66666667
female,group D,2,0,8.40951320942547,86.33333333
female,group B,1,0,5.8100386808095354,59.66666667
male,group B,1,1,8.019592030035597,82.33333333
female,group C,2,0,5.452610932710553,56.0
female,group D,1,0,3.015603561523865,31.0
male,group C,2,0,5.745051817252956,59.0
male,group A,3,1,5.420117501419665,55.66666667
male,group C,1,1,5.8425321121004234,60.0
male,group C,3,0,6.1024795653519375,62.66666667
female,group A,1,0,5.387624069153974,55.33333333
female,group D,1,0,7.857124872606353,80.66666667
male,group E,2,0,7.53219055579826,77.33333333
female,group C,2,1,6.1024795653519375,62.66666667
male,group D,1,0,7.1422693764083895,73.33333333
female,group D,2,1,8.929408115928496,91.66666667
female,group D,3,0,6.557387607323585,67.33333333
male,group E,3,0,4.217860530984364,43.33333333
female,group D,1,0,8.182059188439645,84.0
female,group D,4,1,9.09187527335774,93.33333333
female,group A,1,0,7.499697124507372,77.0
male,group A,3,0,6.232453291490294,64.0
female,group B,3,0,8.084578893592177,83.0
male,group C,3,1,9.15686213691432,94.0
male,group C,4,0,7.499697124507372,77.0
female,group E,1,0,4.282847394540943,44.0
female,group A,1,0,4.022899941289428,41.33333333
female,group E,2,0,7.0772825138266136,72.66666667
female,group E,3,0,6.719854765727631,69.0
female,group C,3,0,6.557387607323585,67.33333333
female,group D,1,0,6.167466427933714,63.33333333
male,group D,4,0,7.0772825138266136,72.66666667
male,group E,1,1,6.459907312476117,66.33333333
female,group D,2,0,7.207256239964969,74.0
male,group E,2,0,6.817335060575099,70.0
male,group C,3,1,5.420117501419665,55.66666667
female,group C,1,1,7.012295650270034,72.0
male,group A,1,0,4.347834258097522,44.66666667
female,group B,1,0,5.8425321121004234,60.0
female,group C,3,0,8.734447526233563,89.66666667
male,group B,1,0,6.297440155046873,64.66666667
male,group D,1,0,5.6150780911146,57.66666667
female,group C,1,1,5.8425321121004234,60.0
male,group A,2,0,4.510301415526767,46.33333333
female,group A,2,0,5.485104364001442,56.33333333
female,group D,1,1,9.319329295318365,95.66666667
female,group C,1,0,5.680064953696377,58.33333333
female,group C,1,0,6.622374470880164,68.0
male,group B,3,1,6.264946722781182,64.33333333
female,group B,3,0,7.759644577758886,79.66666667
female,group D,1,1,5.355130637863086,55.0
male,group D,3,1,8.312032914578001,85.33333333
female,group D,4,1,6.979802218979145,71.66666667
male,group E,2,1,7.9546051674538205,81.66666667
male,group D,3,0,6.39492044989434,65.66666667
male,group B,1,1,6.39492044989434,65.66666667
female,group C,3,1,6.557387607323585,67.33333333
male,group E,1,0,7.337229966103325,75.33333333
male,group C,3,1,6.914815355422567,71.0
male,group C,3,0,6.947308786713455,71.33333333
male,group D,2,0,6.134972996642826,63.0
male,group E,1,1,5.420117501419665,55.66666667
female,group C,3,1,8.70195409396787,89.33333333
female,group D,1,1,5.8100386808095354,59.66666667
female,group D,4,1,5.582584658848909,57.33333333
female,group A,1,1,7.272243103521548,74.66666667
male,group B,2,0,3.697965625456138,38.0
female,group C,2,0,6.199959860199406,63.66666667
male,group C,3,0,8.279539483287113,85.0
male,group C,1,0,6.654867902171052,68.33333333
male,group A,1,0,5.745051817252956,59.0
male,group C,1,0,6.00499927050447,61.66666667
male,group C,3,0,6.134972996642826,63.0
female,group C,1,0,6.589881039589275,67.66666667
male,group C,1,0,5.582584658848909,57.33333333
female,group A,1,0,5.062689753320683,52.0
male,group C,1,0,6.654867902171052,68.33333333
male,group C,2,1,4.900222594916636,50.33333333
male,group D,3,0,6.719854765727631,69.0
male,group D,3,0,6.947308786713455,71.33333333
male,group C,1,0,5.745051817252956,59.0
male,group D,1,1,8.40951320942547,86.33333333
female,group C,2,1,7.369723398369016,75.66666667
female,group D,1,0,7.759644577758886,79.66666667
female,group A,1,0,6.524894176032697,67.0
female,group B,3,0,7.53219055579826,77.33333333
male,group A,1,0,7.597177419354839,78.0
female,group C,1,1,7.0772825138266136,72.66666667
male,group D,2,0,6.329933586337761,65.0
male,group C,1,1,8.019592030035597,82.33333333
male,group B,1,0,4.380327689388411,45.0
male,group B,3,0,7.337229966103325,75.33333333
female,group C,2,1,7.597177419354839,78.0
female,group E,2,0,9.384316157900145,96.33333333
female,group C,3,0,7.012295650270034,72.0
male,group C,2,0,5.582584658848909,57.33333333
female,group C,3,0,5.712558385962067,58.66666667
male,group C,3,0,4.542794847792457,46.66666667
female,group D,3,0,8.34452634684369,85.66666667
male,group D,3,0,5.030196322029795,51.66666667
female,group E,3,0,9.741743905999126,100.0
male,group B,1,1,6.654867902171052,68.33333333
male,group C,3,0,5.387624069153974,55.33333333
male,group B,2,0,4.965209458473216,51.0
female,group E,2,0,7.044789081560922,72.33333333
female,group C,2,0,8.377019778134578,86.0
male,group A,3,1,6.329933586337761,65.0
female,group C,2,0,8.506993504272934,87.33333333
female,group D,3,0,3.0805904250804446,31.66666667
male,group A,1,1,6.622374470880164,68.0
female,group A,1,1,8.117072324883065,83.33333333
male,group C,2,0,7.824631440340663,80.33333333
female,group C,3,1,8.377019778134578,86.0
female,group C,1,0,6.687361334436743,68.66666667
female,group C,3,1,7.727151145493195,79.33333333
female,group D,1,0,6.069986133086247,62.33333333
female,group B,3,1,8.799434388815339,90.33333333
female,group D,3,1,7.467203693216483,76.66666667
male,group E,3,1,6.622374470880164,68.0
male,group D,3,0,7.1422693764083895,73.33333333
female,group D,4,0,6.134972996642826,63.0
male,group E,3,0,6.947308786713455,71.33333333
male,group B,1,1,6.882321924131678,70.66666667
female,group D,3,0,5.420117501419665,55.66666667
male,group C,2,0,6.39492044989434,65.66666667
male,group A,1,0,5.095183184611572,52.33333333
female,group B,3,0,5.030196322029795,51.66666667
male,group C,1,0,6.979802218979145,71.66666667
male,group D,2,0,5.322637206572198,54.66666667
female,group C,3,0,6.784841629284211,69.66666667
male,group B,1,1,5.647571522405489,58.0
male,group A,3,1,7.889618303897242,81.0
female,group A,3,0,7.337229966103325,75.33333333
female,group C,3,0,6.427413881185228,66.0
female,group C,2,0,8.312032914578001,85.33333333
female,group C,3,0,8.40951320942547,86.33333333
female,group B,1,0,6.037492701795359,62.0
male,group D,1,1,6.427413881185228,66.0
female,group C,2,0,4.9977028897641045,51.33333333
female,group D,2,1,6.914815355422567,71.0
female,group B,1,0,6.589881039589275,67.66666667
male,group E,2,0,7.1097759451175015,73.0
female,group D,4,0,7.629670850645728,78.33333333
female,group B,3,1,8.864421252371915,91.0
male,group C,2,0,5.777545248543844,59.33333333
female,group E,3,1,8.961901547219384,92.0
female,group D,4,0,4.965209458473216,51.0
female,group B,1,0,7.92211173518813,81.33333333
male,group A,1,0,6.622374470880164,68.0
male,group B,3,0,5.452610932710553,56.0
male,group C,4,0,7.597177419354839,78.0
female,group C,3,0,8.604473799120402,88.33333333
male,group D,2,0,7.1422693764083895,73.33333333
male,group A,1,0,5.095183184611572,52.33333333
male,group D,1,0,5.2901437743065065,54.33333333
female,group B,1,1,5.745051817252956,59.0
female,group B,4,1,8.70195409396787,89.33333333
female,group C,1,1,8.052085462301289,82.66666667
female,group D,2,0,8.019592030035597,82.33333333
female,group E,2,1,6.914815355422567,71.0
female,group D,1,1,7.207256239964969,74.0
female,group B,1,1,7.272243103521548,74.66666667
male,group D,2,0,5.582584658848909,57.33333333
female,group C,3,0,8.474500072982046,87.0
male,group D,3,0,5.97250583823878,61.33333333
male,group C,4,0,5.2901437743065065,54.33333333
male,group C,1,1,4.9977028897641045,51.33333333
male,group E,2,0,6.069986133086247,62.33333333
male,group C,1,1,5.745051817252956,59.0
female,group C,1,0,4.282847394540943,44.0
female,group D,3,0,3.7954459203036053,39.0
female,group C,3,0,6.687361334436743,68.66666667
female,group C,3,1,6.75234819701852,69.33333333
female,group C,1,0,4.9977028897641045,51.33333333
male,group E,3,1,5.875025543391312,60.33333333
female,group E,3,1,8.474500072982046,87.0
male,group B,1,1,6.817335060575099,70.0
female,group C,3,1,7.53219055579826,77.33333333
male,group C,3,1,5.485104364001442,56.33333333
female,group D,1,0,5.8100386808095354,59.66666667
male,group E,3,1,7.207256239964969,74.0
male,group A,3,1,8.929408115928496,91.66666667
male,group C,1,1,6.882321924131678,70.66666667
male,group D,3,1,7.824631440340663,80.33333333
female,group C,3,0,7.6946577142023065,79.0
female,group D,3,0,8.636967231386095,88.66666667
female,group D,4,0,6.264946722781182,64.33333333
male,group E,1,1,7.824631440340663,80.33333333
female,group A,1,1,9.384316157900145,96.33333333
male,group C,1,1,6.589881039589275,67.66666667
female,group C,1,0,6.264946722781182,64.33333333
male,group C,4,0,7.1422693764083895,73.33333333
male,group C,1,0,7.1422693764083895,73.33333333
male,group B,3,1,8.604473799120402,88.33333333
female,group B,3,0,4.477807984235878,46.0
male,group D,2,0,6.589881039589275,67.66666667
male,group E,3,0,4.477807984235878,46.0
female,group C,2,0,3.3730313096228466,34.66666667
female,group C,3,1,6.687361334436743,68.66666667
male,group C,4,0,6.297440155046873,64.66666667
female,group B,3,0,6.264946722781182,64.33333333
male,group D,1,0,6.524894176032697,67.0
female,group D,2,1,7.4022168296599045,76.0
female,group C,2,0,6.8498284918659875,70.33333333
male,group C,3,1,9.026888410775964,92.66666667
female,group D,2,1,7.239749671255858,74.33333333
male,group B,3,0,4.705262005221702,48.33333333
male,group B,3,0,4.412821120679299,45.33333333
female,group E,3,1,9.48179645274761,97.33333333
female,group D,4,1,6.817335060575099,70.0
male,group B,1,0,5.127676616877262,52.66666667
male,group D,3,0,6.589881039589275,67.66666667
male,group B,2,1,7.012295650270034,72.0
male,group A,3,0,9.059381842066852,93.0
female,group C,2,0,5.5500912275580205,57.0
female,group C,1,1,5.8425321121004234,60.0
female,group E,1,0,7.337229966103325,75.33333333
male,group A,3,1,4.802742300069169,49.33333333
male,group A,2,1,5.322637206572198,54.66666667
female,group B,1,0,8.474500072982046,87.0
female,group B,2,1,5.2576503430156185,54.0
female,group D,4,0,5.907518975657003,60.66666667
female,group D,1,0,8.896914683662807,91.33333333
female,group E,1,0,7.6621642829114185,78.66666667
female,group D,3,0,6.947308786713455,71.33333333
female,group D,3,1,7.4022168296599045,76.0
female,group D,2,0,7.239749671255858,74.33333333
female,group C,3,0,7.044789081560922,72.33333333
female,group A,1,0,6.524894176032697,67.0
female,group C,3,0,5.485104364001442,56.33333333
female,group C,2,0,5.940012406947891,61.0
female,group A,1,0,5.8100386808095354,59.66666667
male,group C,2,0,5.485104364001442,56.33333333
male,group A,1,0,5.940012406947891,61.0
male,group E,3,0,6.492400744741808,66.66666667
female,group E,1,0,7.239749671255858,74.33333333
female,group C,3,1,9.449303021456721,97.0
female,group C,3,1,6.719854765727631,69.0
male,group B,1,0,2.2357612027441247,23.0
male,group A,1,0,5.030196322029795,51.66666667
female,group D,1,0,7.1097759451175015,73.0
female,group D,1,0,7.4022168296599045,76.0
female,group D,4,0,5.745051817252956,59.0
female,group C,1,0,2.853136403119818,29.33333333
female,group E,2,0,7.597177419354839,78.0
male,group D,1,0,5.452610932710553,56.0
male,group D,4,1,8.539486936538626,87.66666667
male,group C,1,0,6.784841629284211,69.66666667
female,group C,3,0,8.149565757148757,83.66666667
female,group C,4,0,4.932716027182328,50.66666667
female,group E,2,0,6.069986133086247,62.33333333
female,group B,3,0,6.037492701795359,62.0
male,group D,2,1,6.232453291490294,64.0
female,group C,2,0,5.940012406947891,61.0
male,group C,3,1,8.929408115928496,91.66666667
female,group C,3,0,7.012295650270034,72.0
female,group A,3,0,8.70195409396787,89.33333333
female,group C,1,0,6.492400744741808,66.66666667
female,group E,3,0,3.892926215151073,40.0
male,group D,3,0,8.084578893592177,83.0
male,group D,4,0,8.442006641691158,86.66666667
male,group C,3,1,6.687361334436743,68.66666667
female,group C,1,0,4.867729163625748,50.0
male,group B,3,0,5.875025543391312,60.33333333
male,group C,1,1,5.22515691172473,53.66666667
male,group A,2,1,9.15686213691432,94.0
female,group E,3,0,5.875025543391312,60.33333333
male,group D,2,1,9.61177017986077,98.66666667
male,group B,3,1,6.557387607323585,67.33333333
male,group D,3,0,5.030196322029795,51.66666667
male,group D,2,0,4.932716027182328,50.66666667
female,group C,1,1,4.867729163625748,50.0
male,group D,2,0,6.524894176032697,67.0
male,group B,1,0,6.622374470880164,68.0
female,group B,3,1,7.174762808674081,73.66666667
female,group C,1,0,8.052085462301289,82.66666667
male,group D,1,0,8.052085462301289,82.66666667
male,group A,1,0,6.784841629284211,69.66666667
female,group B,1,1,7.4022168296599045,76.0
female,group D,1,1,8.442006641691158,86.66666667
male,group E,2,0,7.6621642829114185,78.66666667
female,group D,3,0,7.239749671255858,74.33333333
male,group D,1,0,4.672768573930813,48.0
female,group D,3,1,8.182059188439645,84.0
female,group B,1,0,7.53219055579826,77.33333333
female,group E,1,1,7.564683988063951,77.66666667
male,group B,1,0,6.329933586337761,65.0
female,group B,3,1,7.369723398369016,75.66666667
female,group D,3,0,6.297440155046873,64.66666667
female,group E,1,0,6.297440155046873,64.66666667
female,group B,1,0,5.127676616877262,52.66666667
female,group D,2,1,7.4347102609507925,76.33333333
male,group C,1,1,5.192663479459039,53.33333333
female,group A,1,1,7.272243103521548,74.66666667
female,group D,2,1,8.734447526233563,89.66666667
female,group A,3,1,6.784841629284211,69.66666667
female,group B,1,0,7.499697124507372,77.0
female,group B,2,0,6.36242701762865,65.33333333
male,group C,3,0,6.75234819701852,69.33333333
male,group D,1,0,6.36242701762865,65.33333333
female,group D,3,0,5.22515691172473,53.66666667
male,group D,3,0,8.506993504272934,87.33333333
male,group C,2,0,7.272243103521548,74.66666667
male,group C,1,0,6.557387607323585,67.33333333
female,group D,2,0,6.329933586337761,65.0
female,group C,1,0,6.524894176032697,67.0
male,group D,3,0,6.687361334436743,68.66666667
female,group C,1,1,5.5175977962671325,56.66666667
female,group C,2,1,6.719854765727631,69.0
female,group B,3,0,8.084578893592177,83.0
male,group C,2,0,6.75234819701852,69.33333333
male,group D,3,1,7.467203693216483,76.66666667
female,group C,1,0,6.817335060575099,70.0
male,group D,3,0,5.160170048168151,53.0
female,group C,2,0,7.239749671255858,74.33333333
female,group C,3,1,7.564683988063951,77.66666667
female,group D,1,1,7.272243103521548,74.66666667
female,group B,2,1,5.8425321121004234,60.0
female,group E,2,1,7.369723398369016,75.66666667
female,group C,1,1,7.4022168296599045,76.0
male,group D,3,0,7.597177419354839,78.0
male,group D,2,0,5.97250583823878,61.33333333
female,group D,1,0,6.914815355422567,71.0
male,group B,1,0,6.1024795653519375,62.66666667
male,group B,1,0,5.5500912275580205,57.0
female,group C,1,1,3.6654721941652495,37.66666667
male,group B,2,1,6.36242701762865,65.33333333
female,group E,4,1,9.514289885013302,97.66666667
male,group E,2,1,7.4022168296599045,76.0
male,group D,3,0,7.4022168296599045,76.0
male,group A,1,0,5.030196322029795,51.66666667
male,group E,2,0,8.636967231386095,88.66666667
female,group C,3,0,5.030196322029795,51.66666667
female,group E,3,0,7.369723398369016,75.66666667
female,group C,3,1,7.174762808674081,73.66666667
female,group D,3,0,7.369723398369016,75.66666667
female,group C,1,0,5.452610932710553,56.0
female,group D,2,0,8.247046051996225,84.66666667
female,group C,3,1,8.019592030035597,82.33333333
female,group A,3,0,6.524894176032697,67.0
female,group D,3,1,6.947308786713455,71.33333333
male,group C,1,0,6.199959860199406,63.66666667
female,group E,3,1,7.857124872606353,80.66666667
female,group B,1,0,6.36242701762865,65.33333333
male,group A,3,1,8.377019778134578,86.0
female,group D,2,0,6.297440155046873,64.66666667
female,group B,1,1,6.037492701795359,62.0
male,group A,3,0,6.459907312476117,66.33333333
male,group D,1,0,3.762952489012717,38.66666667
male,group C,2,0,5.745051817252956,59.0
male,group D,1,0,8.279539483287113,85.0
female,group D,3,1,5.22515691172473,53.66666667
male,group C,2,1,8.669460662676983,89.0
female,group E,1,1,8.117072324883065,83.33333333
female,group D,2,0,9.644263611151658,99.0
male,group D,4,0,7.987098598744709,82.0
female,group B,1,1,6.622374470880164,68.0
female,group B,3,1,8.34452634684369,85.66666667
male,group C,3,1,7.239749671255858,74.33333333
female,group C,3,1,9.449303021456721,97.0
female,group C,1,0,7.337229966103325,75.33333333
male,group E,3,1,7.92211173518813,81.33333333
female,group C,2,0,6.622374470880164,68.0
male,group D,1,1,5.6150780911146,57.66666667
female,group B,1,1,8.182059188439645,84.0
male,group C,1,0,4.542794847792457,46.66666667
male,group B,2,0,4.250353963250054,43.66666667
male,group E,2,1,7.337229966103325,75.33333333
female,group E,3,1,7.044789081560922,72.33333333
male,group E,1,1,5.712558385962067,58.66666667
female,group D,1,0,8.084578893592177,83.0
male,group C,2,0,4.185367099693475,43.0
female,group B,3,1,7.304736534812436,75.0
male,group A,1,0,4.672768573930813,48.0
female,group C,2,1,8.76694095752445,90.0
male,group D,1,0,4.737755437487392,48.66666667
female,group E,2,0,5.452610932710553,56.0
male,group C,4,0,5.940012406947891,61.0
male,group C,3,0,8.279539483287113,85.0
female,group B,2,1,6.232453291490294,64.0
male,group D,3,0,7.304736534812436,75.0
male,group C,1,0,5.712558385962067,58.66666667
male,group D,3,0,7.304736534812436,75.0
female,group A,3,0,4.867729163625748,50.0
female,group C,1,0,8.019592030035597,82.33333333
female,group C,3,1,6.622374470880164,68.0
male,group B,2,0,5.095183184611572,52.33333333
male,group D,3,0,7.304736534812436,75.0
male,group D,1,0,6.979802218979145,71.66666667
male,group C,2,0,6.524894176032697,67.0
female,group C,3,0,5.485104364001442,56.33333333
male,group B,2,1,8.34452634684369,85.66666667
male,group D,1,1,6.75234819701852,69.33333333
male,group E,2,0,6.654867902171052,68.33333333
male,group C,4,1,7.499697124507372,77.0
female,group C,1,1,8.182059188439645,84.0
male,group C,3,0,5.387624069153974,55.33333333
female,group E,3,0,8.799434388815339,90.33333333
male,group D,2,0,5.355130637863086,55.0
male,group E,3,1,6.817335060575099,70.0
female,group D,2,1,5.712558385962067,58.66666667
male,group B,2,1,7.239749671255858,74.33333333
female,group C,1,0,6.134972996642826,63.0
female,group D,1,0,5.192663479459039,53.33333333
male,group D,1,1,7.9546051674538205,81.66666667
female,group B,1,0,6.069986133086247,62.33333333
male,group D,2,0,5.907518975657003,60.66666667
female,group B,1,0,7.0772825138266136,72.66666667
female,group C,1,1,6.817335060575099,70.0
male,group B,1,1,6.427413881185228,66.0
female,group D,1,0,6.947308786713455,71.33333333
male,group A,2,0,5.680064953696377,58.33333333
male,group B,1,0,4.835235732334859,49.66666667
male,group D,3,0,7.207256239964969,74.0
female,group B,1,1,6.199959860199406,63.66666667
female,group C,3,0,7.1097759451175015,73.0
male,group B,2,0,6.199959860199406,63.66666667
female,group B,1,0,5.2576503430156185,54.0
female,group B,1,0,6.75234819701852,69.33333333
female,group C,2,0,3.957913078707652,40.66666667
female,group A,2,1,7.564683988063951,77.66666667
male,group E,3,1,8.474500072982046,87.0
female,group D,3,0,5.160170048168151,53.0
female,group B,4,0,8.149565757148757,83.66666667
female,group B,1,1,7.889618303897242,81.0
female,group C,3,1,5.6150780911146,57.66666667
male,group C,3,1,8.149565757148757,83.66666667
female,group B,1,1,4.120380236136897,42.33333333
female,group E,1,0,7.4022168296599045,76.0
female,group B,2,0,2.8856298353855094,29.66666667
male,group C,3,0,6.297440155046873,64.66666667
female,group C,4,0,5.777545248543844,59.33333333
female,group B,1,0,5.5175977962671325,56.66666667
female,group D,2,0,6.36242701762865,65.33333333
male,group D,1,0,6.784841629284211,69.66666667
male,group E,1,1,8.117072324883065,83.33333333
female,group B,1,0,4.705262005221702,48.33333333
female,group E,3,1,6.427413881185228,66.0
male,group D,1,0,6.817335060575099,70.0
female,group E,3,0,7.629670850645728,78.33333333
male,group E,2,0,5.940012406947891,61.0
female,group C,3,0,5.322637206572198,54.66666667
male,group C,1,1,6.75234819701852,69.33333333
male,group C,1,1,7.4347102609507925,76.33333333
female,group E,3,0,8.961901547219384,92.0
female,group B,2,0,8.247046051996225,84.66666667
female,group C,2,0,7.369723398369016,75.66666667
male,group A,2,0,7.467203693216483,76.66666667
female,group D,2,0,6.914815355422567,71.0
female,group E,1,0,4.087886804846008,42.0
male,group C,1,0,7.597177419354839,78.0
male,group B,3,0,5.322637206572198,54.66666667
male,group A,1,0,3.8279393515944937,39.33333333
male,group A,1,0,4.575288279083345,47.0
female,group C,4,1,6.00499927050447,61.66666667
male,group E,1,1,8.019592030035597,82.33333333
female,group C,1,0,7.629670850645728,78.33333333
male,group B,1,1,8.669460662676983,89.0
female,group A,3,0,5.452610932710553,56.0
male,group D,3,1,6.719854765727631,69.0
female,group B,1,0,6.492400744741808,66.66666667
female,group C,1,0,8.312032914578001,85.33333333
female,group A,1,1,8.669460662676983,89.0
female,group D,3,0,8.474500072982046,87.0
male,group E,2,1,4.932716027182328,50.66666667
female,group B,1,0,7.792138009049775,80.0
female,group C,1,0,5.127676616877262,52.66666667
male,group C,1,0,6.069986133086247,62.33333333
female,group C,3,1,6.297440155046873,64.66666667
female,group C,1,0,6.817335060575099,70.0
female,group D,1,1,7.6621642829114185,78.66666667
male,group B,1,0,5.680064953696377,58.33333333
female,group A,2,0,5.777545248543844,59.33333333
female,group C,3,1,8.084578893592177,83.0
male,group A,3,0,5.907518975657003,60.66666667
female,group B,1,1,8.052085462301289,82.66666667
male,group B,2,0,4.965209458473216,51.0
female,group C,1,1,6.427413881185228,66.0
male,group E,1,0,6.297440155046873,64.66666667
female,group A,1,1,7.6621642829114185,78.66666667
male,group B,3,1,5.452610932710553,56.0
female,group C,3,0,7.012295650270034,72.0
female,group D,1,0,4.44531455294499,45.66666667
male,group C,1,0,5.6150780911146,57.66666667
female,group B,1,1,3.340537877357156,34.33333333
male,group B,2,1,7.369723398369016,75.66666667
female,group D,1,1,5.485104364001442,56.33333333
male,group E,4,0,8.40951320942547,86.33333333
male,group C,4,1,8.474500072982046,87.0
male,group D,1,0,5.452610932710553,56.0
female,group C,1,0,6.459907312476117,66.33333333
male,group D,3,0,7.272243103521548,74.66666667
male,group C,4,0,6.654867902171052,68.33333333
female,group A,1,0,6.232453291490294,64.0
female,group E,2,0,8.604473799120402,88.33333333
male,group E,1,0,6.817335060575099,70.0
male,group C,1,0,5.875025543391312,60.33333333
female,group B,3,0,9.416809590165833,96.66666667
male,group B,2,0,6.75234819701852,69.33333333
female,group C,3,0,7.304736534812436,75.0
male,group B,1,1,4.770248868778281,49.0
male,group C,3,0,7.53219055579826,77.33333333
female,group C,3,0,5.452610932710553,56.0
female,group E,4,0,8.247046051996225,84.66666667
male,group D,3,1,3.8604327838601846,39.66666667
female,group C,2,1,7.207256239964969,74.0
male,group C,3,0,9.124368705623432,93.66666667
male,group D,2,1,8.182059188439645,84.0
male,group C,1,0,5.322637206572198,54.66666667
male,group B,3,0,4.672768573930813,48.0
male,group E,3,1,7.272243103521548,74.66666667
male,group C,3,0,4.900222594916636,50.33333333
male,group B,1,0,5.322637206572198,54.66666667
female,group C,2,1,7.0772825138266136,72.66666667
male,group B,3,1,7.92211173518813,81.33333333
male,group E,3,0,8.506993504272934,87.33333333
female,group C,3,0,5.387624069153974,55.33333333
male,group C,2,0,6.817335060575099,70.0
male,group D,2,0,8.019592030035597,82.33333333
male,group C,1,0,5.582584658848909,57.33333333
female,group D,1,0,6.8498284918659875,70.33333333
female,group D,3,0,6.947308786713455,71.33333333
male,group C,3,1,6.264946722781182,64.33333333
female,group E,3,1,6.8498284918659875,70.33333333
female,group B,1,0,6.75234819701852,69.33333333
male,group D,3,0,4.705262005221702,48.33333333
female,group E,3,0,5.062689753320683,52.0
female,group C,3,1,7.0772825138266136,72.66666667
female,group E,3,1,9.351822726609253,96.0
male,group C,1,0,6.00499927050447,61.66666667
female,group D,2,0,6.75234819701852,69.33333333
male,group D,1,0,4.640275142639925,47.66666667
female,group E,2,1,8.506993504272934,87.33333333
female,group E,3,0,8.506993504272934,87.33333333
female,group A,4,0,6.167466427933714,63.33333333
male,group D,1,1,7.6946577142023065,79.0
female,group E,3,0,6.167466427933714,63.33333333
female,group E,1,0,3.3730313096228466,34.66666667
male,group B,1,0,2.9831101302329768,30.66666667
female,group B,1,1,7.1422693764083895,73.33333333
male,group D,3,1,5.97250583823878,61.33333333
female,group D,1,1,7.304736534812436,75.0
male,group D,4,0,8.377019778134578,86.0
female,group C,4,0,7.304736534812436,75.0
female,group A,1,1,3.9904065099985404,41.0
female,group D,3,1,9.514289885013302,97.66666667
female,group D,1,0,7.629670850645728,78.33333333
male,group D,2,0,7.857124872606353,80.66666667
male,group B,1,0,5.062689753320683,52.0
female,group D,2,1,8.247046051996225,84.66666667
female,group C,3,0,6.947308786713455,71.33333333
male,group E,3,1,6.622374470880164,68.0
male,group D,3,0,4.542794847792457,46.66666667
female,group A,2,0,7.629670850645728,78.33333333
female,group C,3,1,5.8100386808095354,59.66666667
female,group C,3,1,5.680064953696377,58.33333333
female,group B,3,0,5.2576503430156185,54.0
female,group E,2,0,6.622374470880164,68.0
male,group E,3,1,9.741743905999126,100.0
female,group C,1,0,5.095183184611572,52.33333333
female,group C,3,1,6.947308786713455,71.33333333
male,group B,2,1,9.026888410775964,92.66666667
male,group D,1,0,6.687361334436743,68.66666667
female,group C,1,0,4.347834258097522,44.66666667
male,group D,1,0,6.622374470880164,68.0
female,group B,3,0,5.97250583823878,61.33333333
male,group D,1,0,6.914815355422567,71.0
male,group E,1,1,6.427413881185228,66.0
male,group E,3,0,5.582584658848909,57.33333333
female,group D,1,1,6.39492044989434,65.66666667
male,group E,3,1,4.315340825831831,44.33333333
female,group C,1,0,5.030196322029795,51.66666667
male,group C,2,1,6.8498284918659875,70.33333333
male,group D,2,0,5.875025543391312,60.33333333
male,group D,3,1,6.654867902171052,68.33333333
male,group C,3,1,7.1097759451175015,73.0
male,group C,3,1,8.929408115928496,91.66666667
male,group D,2,0,6.199959860199406,63.66666667
male,group A,3,0,5.745051817252956,59.0
female,group E,1,0,5.582584658848909,57.33333333
male,group D,2,1,8.149565757148757,83.66666667
male,group D,1,1,6.947308786713455,71.33333333
male,group C,4,1,6.817335060575099,70.0
female,group D,4,0,8.604473799120402,88.33333333
male,group C,1,0,6.8498284918659875,70.33333333
male,group A,1,1,5.97250583823878,61.33333333
female,group B,1,0,6.069986133086247,62.33333333
female,group C,3,0,5.6150780911146,57.66666667
male,group B,1,0,7.92211173518813,81.33333333
female,group D,2,0,5.420117501419665,55.66666667
male,group B,1,1,4.900222594916636,50.33333333
female,group E,1,1,6.654867902171052,68.33333333
male,group E,1,0,7.727151145493195,79.33333333
female,group D,2,1,7.629670850645728,78.33333333
female,group E,1,0,7.1422693764083895,73.33333333
male,group C,1,1,5.322637206572198,54.66666667
female,group C,2,0,6.492400744741808,66.66666667
male,group E,3,0,6.199959860199406,63.66666667
male,group C,2,0,8.182059188439645,84.0
female,group D,4,0,9.48179645274761,97.33333333
female,group D,1,0,5.420117501419665,55.66666667
male,group C,1,0,7.369723398369016,75.66666667
female,group A,2,0,5.777545248543844,59.33333333
female,group D,1,0,5.030196322029795,51.66666667
female,group E,3,0,9.741743905999126,100.0
female,group C,1,1,7.012295650270034,72.0
male,group D,2,0,6.069986133086247,62.33333333
female,group D,2,0,6.622374470880164,68.0
male,group A,1,1,6.427413881185228,66.0
male,group C,2,0,6.037492701795359,62.0
female,group E,3,0,6.8498284918659875,70.33333333
female,group B,3,0,7.759644577758886,79.66666667
female,group D,3,0,9.384316157900145,96.33333333
male,group C,1,1,7.1097759451175015,73.0
female,group A,1,1,5.2901437743065065,54.33333333
female,group D,2,0,5.680064953696377,58.33333333
female,group A,2,0,5.97250583823878,61.33333333
female,group C,2,1,7.239749671255858,74.33333333
male,group B,2,1,5.907518975657003,60.66666667
male,group C,3,0,6.00499927050447,61.66666667
male,group D,1,1,4.672768573930813,48.0
female,group C,3,0,9.09187527335774,93.33333333
female,group B,1,0,1.7808531597976751,18.33333333
male,group D,1,0,7.6946577142023065,79.0
male,group B,1,1,8.117072324883065,83.33333333
female,group A,2,1,8.312032914578001,85.33333333
female,group C,1,0,7.499697124507372,77.0
male,group A,1,0,5.2576503430156185,54.0
female,group C,3,0,4.867729163625748,50.0
male,group E,1,1,7.53219055579826,77.33333333
female,group A,1,0,4.347834258097522,44.66666667
female,group D,2,1,7.6621642829114185,78.66666667
male,group E,1,1,7.857124872606353,80.66666667
female,group B,1,1,7.304736534812436,75.0
female,group D,3,0,6.719854765727631,69.0
female,group D,3,0,6.75234819701852,69.33333333
male,group A,1,0,6.1024795653519375,62.66666667
female,group E,4,1,9.15686213691432,94.0
male,group C,1,0,5.582584658848909,57.33333333
female,group C,1,1,6.329933586337761,65.0
female,group D,2,1,7.239749671255858,74.33333333
female,group D,2,0,8.084578893592177,83.0
